{"cameraMode":{"drawMode":0,"name":"Shaded","section":"Shading Mode"},"sceneLighting":true,"audioPlay":false,"sceneViewState":{"showFog":true,"showMaterialUpdate":false,"showSkybox":true,"showFlares":true,"showImageEffects":true,"showParticleSystems":true},"in2DMode":false,"pivot":{"x":-56.79961013793945,"y":11.053836822509766,"z":22.42558479309082},"rotation":{"x":-0.008920161053538323,"y":0.6721475720405579,"z":-0.008771272376179695,"w":-0.7405665516853333},"size":36.568206787109378,"orthographic":false}